{
  "gpt-3.5-turbo-4k": {
    "category_counts": {
      "2": 90,
      "3": 21,
      "1": 74,
      "4": 200,
      "5": 112
    },
    "cum_accuracy_by_category": {
      "2": 20.832999999999995,
      "3": 8.07,
      "1": 19.913999999999998,
      "4": 65.502,
      "5": 45
    },
    "category_counts_by_memory": {
      "2": {
        "1": 3,
        "2": 2,
        "4": 3,
        "5": 1,
        "8": 2,
        "10": 1,
        "14": 2,
        "15": 3,
        "16": 1,
        "18": 2,
        "19": 1,
        "23": 1,
        "21": 4,
        "11": 2,
        "13": 2,
        "26": 2,
        "29": 2,
        "32": 1,
        "33": 2,
        "37": 2,
        "38": 3,
        "39": 3,
        "41": 2,
        "46": 3,
        "47": 2,
        "49": 1,
        "51": 2,
        "54": 1,
        "55": 1,
        "57": 1,
        "60": 2,
        "3": 2,
        "24": 1,
        "28": 1,
        "30": 1,
        "31": 2,
        "36": 2,
        "40": 1,
        "45": 1,
        "7": 1,
        "9": 1,
        "25": 1,
        "35": 2,
        "56": 1,
        "64": 1,
        "70": 1,
        "75": 1,
        "78": 1,
        "80": 1,
        "83": 2,
        "84": 2,
        "87": 2,
        "88": 1,
        "90": 1
      },
      "3": {
        "1": 1,
        "7": 1,
        "16": 1,
        "18": 3,
        "30": 1,
        "35": 2,
        "49": 1,
        "57": 1,
        "60": 1,
        "13": 1,
        "23": 1,
        "25": 1,
        "64": 1,
        "69": 1,
        "4": 1,
        "14": 1
      },
      "1": {
        "4": 3,
        "1": 11,
        "5": 1,
        "8": 3,
        "2": 4,
        "11": 3,
        "16": 2,
        "14": 3,
        "6": 2,
        "24": 1,
        "13": 1,
        "17": 1,
        "28": 1,
        "20": 3,
        "22": 2,
        "10": 1,
        "3": 5,
        "32": 2,
        "34": 1,
        "30": 1,
        "48": 2,
        "57": 1,
        "59": 1,
        "19": 1,
        "21": 3,
        "9": 2,
        "18": 1,
        "31": 1,
        "23": 1,
        "49": 1,
        "54": 1,
        "46": 2,
        "73": 1,
        "77": 1,
        "65": 1,
        "7": 1,
        "87": 2
      },
      "4": {
        "3": 7,
        "4": 3,
        "5": 3,
        "9": 1,
        "10": 4,
        "11": 1,
        "12": 5,
        "14": 3,
        "16": 3,
        "20": 3,
        "21": 5,
        "22": 4,
        "23": 6,
        "28": 1,
        "30": 3,
        "31": 3,
        "32": 4,
        "36": 6,
        "38": 5,
        "39": 3,
        "43": 1,
        "44": 5,
        "49": 5,
        "51": 3,
        "53": 4,
        "54": 2,
        "55": 4,
        "56": 4,
        "57": 4,
        "58": 8,
        "59": 3,
        "1": 5,
        "2": 5,
        "6": 3,
        "7": 7,
        "8": 1,
        "13": 1,
        "17": 1,
        "18": 1,
        "19": 3,
        "24": 1,
        "26": 1,
        "29": 4,
        "35": 2,
        "37": 3,
        "40": 2,
        "25": 2,
        "34": 2,
        "48": 3,
        "61": 1,
        "64": 1,
        "66": 2,
        "69": 1,
        "70": 3,
        "72": 4,
        "73": 1,
        "75": 1,
        "76": 1,
        "77": 2,
        "80": 1,
        "81": 4,
        "82": 1,
        "83": 2,
        "85": 1,
        "86": 1,
        "84": 1,
        "87": 1,
        "88": 2,
        "89": 1,
        "91": 1,
        "92": 1,
        "90": 1,
        "93": 1,
        "94": 1
      },
      "5": {
        "3": 3,
        "4": 3,
        "5": 2,
        "10": 5,
        "11": 1,
        "12": 4,
        "14": 2,
        "20": 1,
        "21": 4,
        "23": 3,
        "28": 2,
        "30": 2,
        "31": 2,
        "36": 2,
        "38": 4,
        "39": 2,
        "43": 1,
        "44": 4,
        "49": 4,
        "53": 3,
        "55": 3,
        "56": 1,
        "57": 1,
        "58": 7,
        "59": 1,
        "60": 1,
        "42": 2,
        "1": 2,
        "2": 2,
        "6": 1,
        "7": 3,
        "8": 1,
        "13": 1,
        "18": 1,
        "19": 2,
        "24": 1,
        "29": 3,
        "32": 1,
        "22": 1,
        "25": 2,
        "34": 1,
        "35": 1,
        "40": 1,
        "51": 1,
        "54": 1,
        "64": 1,
        "66": 1,
        "70": 1,
        "72": 3,
        "81": 2,
        "82": 1,
        "85": 1,
        "86": 1,
        "84": 1,
        "87": 1,
        "88": 1,
        "91": 1,
        "92": 1
      }
    },
    "cum_accuracy_by_category_by_memory": {
      "2": {
        "1": 1.611,
        "2": 0.75,
        "4": 1.911,
        "5": 0.75,
        "8": 1.25,
        "10": 1.0,
        "14": 0.25,
        "15": 0.444,
        "16": 0.182,
        "18": 0.555,
        "19": 0,
        "23": 0.182,
        "21": 0.5,
        "11": 0.536,
        "13": 0,
        "26": 0,
        "29": 0.472,
        "32": 0,
        "33": 0.376,
        "37": 0,
        "38": 0.9830000000000001,
        "39": 0.4,
        "41": 0.25,
        "46": 0.9990000000000001,
        "47": 0,
        "49": 0.25,
        "51": 0,
        "54": 0,
        "55": 0.4,
        "57": 0.25,
        "60": 0.472,
        "3": 0.667,
        "24": 0.222,
        "28": 0.222,
        "30": 0.25,
        "31": 0.25,
        "36": 0.65,
        "40": 0.4,
        "45": 0.333,
        "7": 0.75,
        "9": 0,
        "25": 0,
        "35": 0,
        "56": 0,
        "64": 0.333,
        "70": 0,
        "75": 0.25,
        "78": 0.25,
        "80": 0.333,
        "83": 0.5,
        "84": 0.25,
        "87": 0.4,
        "88": 0,
        "90": 0
      },
      "3": {
        "1": 0.222,
        "7": 0.667,
        "16": 0,
        "18": 0.81,
        "30": 1.0,
        "35": 0.25,
        "49": 1.0,
        "57": 0,
        "60": 1.0,
        "13": 0,
        "23": 1.0,
        "25": 0,
        "64": 0.4,
        "69": 1.0,
        "4": 0.167,
        "14": 0
      },
      "1": {
        "4": 1.5,
        "1": 4.096,
        "5": 0.667,
        "8": 2.8890000000000002,
        "2": 1.639,
        "11": 0.833,
        "16": 0.0,
        "14": 0.7,
        "6": 0.5,
        "24": 0.0,
        "13": 0.071,
        "17": 0.0,
        "28": 0.0,
        "20": 0.0,
        "22": 0.5,
        "10": 0.0,
        "3": 2.758,
        "32": 0.0,
        "34": 0.0,
        "30": 0.0,
        "48": 0.0,
        "57": 0.0,
        "59": 0.5,
        "19": 0.19,
        "21": 0.071,
        "9": 1.0,
        "18": 0.0,
        "31": 0.0,
        "23": 0.0,
        "49": 0.0,
        "54": 0.0,
        "46": 0.0,
        "73": 0.333,
        "77": 0.0,
        "65": 0.0,
        "7": 0.0,
        "87": 1.667
      },
      "4": {
        "3": 4.535,
        "4": 1.9,
        "5": 2.283,
        "9": 0.364,
        "10": 4.0,
        "11": 1.0,
        "12": 2.983,
        "14": 0,
        "16": 0.466,
        "20": 2.0,
        "21": 0.182,
        "22": 1.286,
        "23": 1.387,
        "28": 0,
        "30": 0,
        "31": 0.8,
        "32": 1.2349999999999999,
        "36": 2.367,
        "38": 1.3,
        "39": 0,
        "43": 0,
        "44": 0.8,
        "49": 1.9,
        "51": 2.2,
        "53": 1.354,
        "54": 0.4,
        "55": 0.438,
        "56": 0.40900000000000003,
        "57": 1.071,
        "58": 2.753,
        "59": 0.5,
        "1": 3.928,
        "2": 3.094,
        "6": 2.2720000000000002,
        "7": 3.3709999999999996,
        "8": 0.857,
        "13": 0.333,
        "17": 0,
        "18": 0.25,
        "19": 0.36,
        "24": 0,
        "26": 0.19,
        "29": 1.0,
        "35": 0.444,
        "37": 0,
        "40": 0,
        "25": 0.8,
        "34": 0,
        "48": 0.888,
        "61": 0,
        "64": 0.526,
        "66": 0.714,
        "69": 0.1,
        "70": 1.25,
        "72": 1.6,
        "73": 0.4,
        "75": 0,
        "76": 0,
        "77": 0.364,
        "80": 0.143,
        "81": 0.286,
        "82": 0.375,
        "83": 0.333,
        "85": 0,
        "86": 0,