{
  "gpt-3.5-turbo-4k": {
    "category_counts": {
      "2": 37,
      "3": 13,
      "1": 32,
      "4": 70,
      "5": 47
    },
    "cum_accuracy_by_category": {
      "2": 11.632000000000001,
      "3": 3.776,
      "1": 8.064,
      "4": 23.994000000000003,
      "5": 16
    },
    "category_counts_by_memory": {
      "2": {
        "1": 1,
        "2": 2,
        "4": 1,
        "5": 1,
        "8": 2,
        "10": 1,
        "14": 1,
        "15": 2,
        "16": 1,
        "18": 1,
        "19": 1,
        "23": 1,
        "21": 1,
        "11": 1,
        "13": 1,
        "26": 2,
        "29": 1,
        "32": 1,
        "33": 1,
        "37": 1,
        "38": 1,
        "39": 1,
        "41": 2,
        "46": 1,
        "47": 1,
        "49": 1,
        "51": 1,
        "54": 1,
        "55": 1,
        "57": 1,
        "60": 2
      },
      "3": {
        "1": 1,
        "7": 1,
        "16": 1,
        "18": 2,
        "30": 1,
        "35": 2,
        "49": 1,
        "57": 1,
        "60": 1
      },
      "1": {
        "4": 1,
        "1": 3,
        "5": 1,
        "8": 2,
        "2": 3,
        "11": 2,
        "16": 1,
        "14": 2,
        "6": 1,
        "24": 1,
        "13": 1,
        "17": 1,
        "28": 1,
        "20": 3,
        "22": 1,
        "10": 1,
        "3": 1,
        "32": 1,
        "34": 1,
        "30": 1,
        "48": 1,
        "57": 1,
        "59": 1
      },
      "4": {
        "3": 3,
        "4": 3,
        "5": 2,
        "9": 1,
        "10": 4,
        "11": 1,
        "12": 5,
        "14": 1,
        "16": 2,
        "20": 3,
        "21": 3,
        "22": 3,
        "23": 3,
        "28": 1,
        "30": 1,
        "31": 2,
        "32": 2,
        "36": 1,
        "38": 2,
        "39": 2,
        "43": 1,
        "44": 1,
        "49": 3,
        "51": 1,
        "53": 1,
        "54": 1,
        "55": 3,
        "56": 3,
        "57": 3,
        "58": 5,
        "59": 3
      },
      "5": {
        "3": 1,
        "4": 3,
        "5": 1,
        "10": 5,
        "11": 1,
        "12": 4,
        "14": 1,
        "20": 1,
        "21": 2,
        "23": 1,
        "28": 2,
        "30": 1,
        "31": 2,
        "36": 1,
        "38": 1,
        "39": 2,
        "43": 1,
        "44": 1,
        "49": 4,
        "53": 1,
        "55": 2,
        "56": 1,
        "57": 1,
        "58": 5,
        "59": 1,
        "60": 1
      }
    },
    "cum_accuracy_by_category_by_memory": {
      "2": {
        "1": 0.667,
        "2": 0.75,
        "4": 0,
        "5": 0.75,
        "8": 1.25,
        "10": 1.0,
        "14": 0.444,
        "15": 0.944,
        "16": 0.182,
        "18": 0.667,
        "19": 0,
        "23": 0.25,
        "21": 0.5,
        "11": 0.286,
        "13": 0,
        "26": 0.25,
        "29": 0.143,
        "32": 0,
        "33": 0,
        "37": 0,
        "38": 0.25,
        "39": 0.25,
        "41": 0.583,
        "46": 0.333,
        "47": 0.4,
        "49": 0.25,
        "51": 0.25,
        "54": 0,
        "55": 0.4,
        "57": 0.25,
        "60": 0.583
      },
      "3": {
        "1": 0.222,
        "7": 0,
        "16": 0,
        "18": 0.667,
        "30": 0.333,
        "35": 0,
        "49": 1.0,
        "57": 0,
        "60": 1.0
      },
      "1": {
        "4": 0.0,
        "1": 1.549,
        "5": 1.0,
        "8": 0.889,
        "2": 1.555,
        "11": 0.833,
        "16": 0.0,
        "14": 1.0,
        "6": 0.0,
        "24": 0.0,
        "13": 0.071,
        "17": 0.0,
        "28": 0.0,
        "20": 0.0,
        "22": 0.0,
        "10": 0.0,
        "3": 0.667,
        "32": 0.0,
        "34": 0.0,
        "30": 0.5,
        "48": 0.0,
        "57": 0.0,
        "59": 0.0
      },
      "4": {
        "3": 2.846,
        "4": 1.9,
        "5": 1.3399999999999999,
        "9": 0.364,
        "10": 3.4,
        "11": 1.0,
        "12": 2.733,
        "14": 1.0,
        "16": 0.182,
        "20": 1.0,
        "21": 0.7450000000000001,
        "22": 1.167,
        "23": 0.216,
        "28": 0,
        "30": 0,
        "31": 0,
        "32": 1.0,
        "36": 0.143,
        "38": 0,
        "39": 0,
        "43": 0,
        "44": 0,
        "49": 1.0,
        "51": 0.5,
        "53": 0,
        "54": 0,
        "55": 0.666,
        "56": 0.639,
        "57": 1.0,
        "58": 0.528,
        "59": 0.625
      },
      "5": {
        "3": 0,
        "4": 0,
        "5": 0,
        "10": 0,
        "11": 0,
        "12": 0,
        "14": 0,
        "20": 0,
        "21": 0,
        "23": 0,
        "28": 2,
        "30": 1,
        "31": 2,
        "36": 0,
        "38": 1,
        "39": 2,
        "43": 1,
        "44": 0,
        "49": 4,
        "53": 1,
        "55": 1,
        "56": 0,
        "57": 0,
        "58": 1,
        "59": 0,
        "60": 0
      }
    },
    "context_length_counts": {
      "0": 4,
      "4": 1,
      "2": 1,
      "11": 1,
      "25": 1,
      "15": 1,
      "5": 1,
      "3": 1,
      "8": 1,
      "23": 1,
      "21": 1,
      "24": 2,
      "16": 2,
      "13": 1,
      "7": 1,
      "28": 1,
      "38": 1,
      "19": 2,
      "20": 2,
      "34": 1,
      "46": 1,
      "9": 1,
      "36": 1,
      "1": 1,
      "41": 1
    },
    "cum_accuracy_by_context_length": {
      "0": 0.667,
      "4": 1.0,
      "2": 0.0,
      "11": 0.615,
      "25": 1.0,
      "15": 0.333,
      "5": 0.5,
      "3": 0.0,
      "8": 0.5,
      "23": 0.267,
      "21": 0.0,
      "24": 0.833,
      "16": 0.071,
      "13": 0.0,
      "7": 0.0,
      "28": 0.889,
      "38": 0.222,
      "19": 0.0,
      "20": 0.5,
      "34": 0.0,
      "46": 0.667,
      "9": 0.0,
      "36": 0.0,
      "1": 0.0,
      "41": 0.0
    }
  }
}